{
  "lanes": [
    {
      "lane": "lane1-client1-to-downloadserver1",
      "target": "172.31.43.126",
      "bps": 296541242.7171263,
      "mbps": 296.5412427171263,
      "gbps": 0.2965412427171263
    }
  ],
  "total_bps": 296541242.7171263,
  "total_mbps": 296.5412427171263,
  "total_gbps": 0.2965412427171263
}
