{
  "lanes": [
    {
      "lane": "lane1-client1-to-downloadserver1",
      "target": "172.31.43.126",
      "bps": 313644890.8071822,
      "mbps": 313.6448908071822,
      "gbps": 0.3136448908071822
    }
  ],
  "total_bps": 313644890.8071822,
  "total_mbps": 313.6448908071822,
  "total_gbps": 0.3136448908071822
}
